{
    "1_1": 0.5675139849863762,
    "7_1": 0.5396685446149708,
    "6_5": 0.5095209156284817,
    "8_1": 0.3786050048733672,
    "2_6": 0.35943864123549407,
    "8_0": 0.332330432559074,
    "7_2": 0.3164907439232349,
    "6_6": 0.3143902977652249,
    "5_7": 0.3040532799338484,
    "0_1": 0.3006236581635957,
    "1_0": 0.2817022082081783,
    "5_6": 0.25621541113120233,
    "0_0": 0.25495514343639636,
    "3_2": 0.24608428683626316,
    "7_6": 0.24529890262065943,
    "4_0": 0.24067044913018282,
    "9_6": 0.22936207872771078,
    "3_0": 0.22139117613361825,
    "3_1": 0.21975233000084682,
    "2_1": 0.21892626520747924,
    "2_4": 0.2180288018490568,
    "6_4": 0.21797151695383835,
    "7_3": 0.21307656416821502,
    "6_1": 0.20962037549003493,
    "1_2": 0.2021575650100539,
    "5_3": 0.1983526856653267,
    "6_7": 0.19395918326683304,
    "4_3": 0.18664000013283455,
    "2_5": 0.18644406918686998,
    "3_3": 0.18317301864830893,
    "4_2": 0.18196339412173954,
    "4_1": 0.17638600388873116,
    "5_8": 0.1757948901873465,
    "5_5": 0.17534989447956256,
    "7_0": 0.17520128583834368,
    "9_7": 0.17478866854959627,
    "7_7": 0.17473221387025054,
    "6_9": 0.17105850863341487,
    "7_5": 0.16943377617047986,
    "9_3": 0.16840264805654767,
    "4_4": 0.16809297753601893,
    "3_6": 0.1659925313780089,
    "5_1": 0.16399171112472666,
    "7_8": 0.1603030620021818,
    "2_7": 0.15813204749498966,
    "5_9": 0.1556081912418867,
    "1_4": 0.15437781131849904,
    "9_0": 0.153074372398311,
    "2_0": 0.15274643712858219,
    "6_8": 0.1517053464241772,
    "5_0": 0.15079542982766378,
    "8_2": 0.1488842728886365,
    "2_3": 0.1456646957341848,
    "9_1": 0.14551525687709319,
    "4_7": 0.14354432439522924,
    "0_2": 0.14212465525285886,
    "9_2": 0.13761575284805555,
    "5_2": 0.13559417719795502,
    "6_2": 0.1349989124172067,
    "3_4": 0.1299312747300553,
    "3_5": 0.12732854796904292,
    "4_5": 0.12423682405899182,
    "5_4": 0.12286115635787617,
    "7_4": 0.12028333607304571,
    "4_6": 0.11769223233425155,
    "9_5": 0.11345481051983136,
    "6_3": 0.11163912840616817,
    "4_8": 0.11031078300979821,
    "4_9": 0.10975038729570463,
    "8_3": 0.10782594690271365,
    "2_2": 0.09979609898165721,
    "3_7": 0.09839386437261417,
    "2_9": 0.0972755635920452,
    "8_7": 0.08989660491521005,
    "1_3": 0.08806265805234677,
    "7_9": 0.08728391556372488,
    "6_0": 0.08416562474574639,
    "0_4": 0.0733321378224766,
    "9_4": 0.07251686583545454,
    "0_5": 0.07143094347392209,
    "8_6": 0.06725329720233855,
    "1_9": 0.06661735184382643,
    "8_8": 0.06559784675211248,
    "3_9": 0.06488220066981816,
    "1_6": 0.06449947115248907,
    "9_8": 0.06383363802255862,
    "3_8": 0.06119936305838244,
    "9_9": 0.04002055614500882,
    "8_9": 0.03822728985990937,
    "8_5": 0.03644647681290089,
    "1_5": 0.035611279644933276,
    "2_8": 0.034203233524781114,
    "1_7": 0.02712647342562013,
    "8_4": 0.02387202720451372,
    "1_8": 0.014620101518796917,
    "0_3": 0.00420670382712913,
    "0_9": 0.0036861584749266502,
    "0_6": 0.0014827655486979725,
    "0_7": 0.00012702302852787782,
    "0_8": 6.226619045484207e-05
}